surfactant,chain,tail_group,smiles,head_smiles,tail_smiles,carbon_len,ethoxy_len,aromatic_rings_tail,counter_ion,CMC,MW_head,MW_tail,NVE_head,NVE_tail,logP_head,logP_tail
CO2Na,C7,C7,CCCCCCCC(=O)[O-],CC(=O)[O-],CCCCCC,7,0,0,Na+,390.0,59.01385291591001,86.109550448,24,38,-1.2438,2.5866000000000007
CO2Na,C8,C8,CCCCCCCCC(=O)[O-],CC(=O)[O-],CCCCCCC,8,0,0,Na+,210.0,59.01385291591001,100.12520051199999,24,44,-1.2438,2.976700000000002
CO2Na,C9,C9,CCCCCCCCCC(=O)[O-],CC(=O)[O-],CCCCCCCC,9,0,0,Na+,100.0,59.01385291591001,114.14085057599999,24,50,-1.2438,3.3668000000000022
CO2Na,C10,C10,CCCCCCCCCCC(=O)[O-],CC(=O)[O-],CCCCCCCCC,10,0,0,Na+,50.0,59.01385291591001,128.15650064,24,56,-1.2438,3.7569000000000026
CO2Na,C11,C11,CCCCCCCCCCCC(=O)[O-],CC(=O)[O-],CCCCCCCCCC,11,0,0,Na+,24.0,59.01385291591001,142.172150704,24,62,-1.2438,4.147000000000004
CO2Na,C12,C12,CCCCCCCCCCCCC(=O)[O-],CC(=O)[O-],CCCCCCCCCCC,12,0,0,Na+,12.0,59.01385291591001,156.187800768,24,68,-1.2438,4.537100000000004
CO2Na,C13,C13,CCCCCCCCCCCCCC(=O)[O-],CC(=O)[O-],CCCCCCCCCCCC,13,0,0,Na+,7.0,59.01385291591001,170.203450832,24,74,-1.2438,4.9272000000000045
CO2Na,C15,C15,CCCCCCCCCCCCCCCC(=O)[O-],CC(=O)[O-],CCCCCCCCCCCCCC,15,0,0,Na+,2.0,59.01385291591001,198.23475095999999,24,86,-1.2438,5.707400000000006
CO2Na,C17,C17,CCCCCCCCCCCCCCCCCC(=O)[O-],CC(=O)[O-],CCCCCCCCCCCCCCCC,17,0,0,Na+,0.5,59.01385291591001,226.26605108799998,24,98,-1.2438,6.487600000000007
NH3Cl,C10,C10,CCCCCCCCCC[NH3+],C[NH3+],CCCCCCCCC,10,0,0,Cl-,54.0,32.04947561209,128.15650064,14,56,-1.1419000000000001,3.7569000000000026
NH3Cl,C12,C12,CCCCCCCCCCCC[NH3+],C[NH3+],CCCCCCCCCCC,12,0,0,Cl-,14.7,32.04947561209,156.187800768,14,68,-1.1419000000000001,4.537100000000004
NH3Cl,C14,C14,CCCCCCCCCCCCCC[NH3+],C[NH3+],CCCCCCCCCCCCC,14,0,0,Cl-,2.8,32.04947561209,184.219100896,14,80,-1.1419000000000001,5.317300000000005
NH3Cl,C16,C16,CCCCCCCCCCCCCCCC[NH3+],C[NH3+],CCCCCCCCCCCCCCC,16,0,0,Cl-,1.1,32.04947561209,212.25040102399998,14,92,-1.1419000000000001,6.097500000000006
NH3Cl,C18,C18,CCCCCCCCCCCCCCCCCC[NH3+],C[NH3+],CCCCCCCCCCCCCCCCC,18,0,0,Cl-,0.25,32.04947561209,240.28170115199998,14,104,-1.1419000000000001,6.877700000000007
NMe3Br,C8,C8,CCCCCCCC[N+](C)(C)C,C[N+](C)(C)C,CCCCCCC,8,0,0,Br-,290.0,74.09642580408999,100.12520051199999,32,44,0.3224,2.976700000000002
NMe3Br,C9,C9,CCCCCCCCC[N+](C)(C)C,C[N+](C)(C)C,CCCCCCCC,9,0,0,Br-,139.0,74.09642580408999,114.14085057599999,32,50,0.3224,3.3668000000000022
NMe3Br,C10,C10,CCCCCCCCCC[N+](C)(C)C,C[N+](C)(C)C,CCCCCCCCC,10,0,0,Br-,60.0,74.09642580408999,128.15650064,32,56,0.3224,3.7569000000000026
NMe3Br,C11,C11,CCCCCCCCCCC[N+](C)(C)C,C[N+](C)(C)C,CCCCCCCCCC,11,0,0,Br-,36.0,74.09642580408999,142.172150704,32,62,0.3224,4.147000000000004
NMe3Br,C12,C12,CCCCCCCCCCCC[N+](C)(C)C,C[N+](C)(C)C,CCCCCCCCCCC,12,0,0,Br-,13.3,74.09642580408999,156.187800768,32,68,0.3224,4.537100000000004
NMe3Br,C14,C14,CCCCCCCCCCCCCC[N+](C)(C)C,C[N+](C)(C)C,CCCCCCCCCCCCC,14,0,0,Br-,3.41,74.09642580408999,184.219100896,32,80,0.3224,5.317300000000005
NMe3Br,C16,C16,CCCCCCCCCCCCCCCC[N+](C)(C)C,C[N+](C)(C)C,CCCCCCCCCCCCCCC,16,0,0,Br-,1.0,74.09642580408999,212.25040102399998,32,92,0.3224,6.097500000000006
NMe3Br,C18,C18,CCCCCCCCCCCCCCCCCC[N+](C)(C)C,C[N+](C)(C)C,CCCCCCCCCCCCCCCCC,18,0,0,Br-,0.29,74.09642580408999,240.28170115199998,32,104,0.3224,6.877700000000007
OSO3Na,C7,C7,CCCCCCCOS(=O)(=O)[O-],COS(=O)(=O)[O-],CCCCCC,7,0,0,Na+,240.0,110.97575315591001,86.109550448,38,38,-0.9069999999999998,2.5866000000000007
OSO3Na,C8,C8,CCCCCCCCOS(=O)(=O)[O-],COS(=O)(=O)[O-],CCCCCCC,8,0,0,Na+,130.0,110.97575315591001,100.12520051199999,38,44,-0.9069999999999998,2.976700000000002
OSO3Na,C9,C9,CCCCCCCCCOS(=O)(=O)[O-],COS(=O)(=O)[O-],CCCCCCCC,9,0,0,Na+,65.0,110.97575315591001,114.14085057599999,38,50,-0.9069999999999998,3.3668000000000022
OSO3Na,C10,C10,CCCCCCCCCCOS(=O)(=O)[O-],COS(=O)(=O)[O-],CCCCCCCCC,10,0,0,Na+,33.0,110.97575315591001,128.15650064,38,56,-0.9069999999999998,3.7569000000000026
OSO3Na,C11,C11,CCCCCCCCCCCOS(=O)(=O)[O-],COS(=O)(=O)[O-],CCCCCCCCCC,11,0,0,Na+,16.0,110.97575315591001,142.172150704,38,62,-0.9069999999999998,4.147000000000004
OSO3Na,C12,C12,CCCCCCCCCCCCOS(=O)(=O)[O-],COS(=O)(=O)[O-],CCCCCCCCCCC,12,0,0,Na+,8.0,110.97575315591001,156.187800768,38,68,-0.9069999999999998,4.537100000000004
OSO3Na,C13,C13,CCCCCCCCCCCCCOS(=O)(=O)[O-],COS(=O)(=O)[O-],CCCCCCCCCCCC,13,0,0,Na+,4.0,110.97575315591001,170.203450832,38,74,-0.9069999999999998,4.9272000000000045
OSO3Na,C14,C14,CCCCCCCCCCCCCCOS(=O)(=O)[O-],COS(=O)(=O)[O-],CCCCCCCCCCCCC,14,0,0,Na+,2.2,110.97575315591001,184.219100896,38,80,-0.9069999999999998,5.317300000000005
OSO3Na,C15,C15,CCCCCCCCCCCCCCCOS(=O)(=O)[O-],COS(=O)(=O)[O-],CCCCCCCCCCCCCC,15,0,0,Na+,1.2,110.97575315591001,198.23475095999999,38,86,-0.9069999999999998,5.707400000000006
OSO3Na,C16,C16,CCCCCCCCCCCCCCCCOS(=O)(=O)[O-],COS(=O)(=O)[O-],CCCCCCCCCCCCCCC,16,0,0,Na+,0.58,110.97575315591001,212.25040102399998,38,92,-0.9069999999999998,6.097500000000006
OSO3Na,C17,C17,CCCCCCCCCCCCCCCCCOS(=O)(=O)[O-],COS(=O)(=O)[O-],CCCCCCCCCCCCCCCC,17,0,0,Na+,0.3,110.97575315591001,226.26605108799998,38,98,-0.9069999999999998,6.487600000000007
OSO3Na,C18,C18,CCCCCCCCCCCCCCCCCCOS(=O)(=O)[O-],COS(=O)(=O)[O-],CCCCCCCCCCCCCCCCC,18,0,0,Na+,0.23,110.97575315591001,240.28170115199998,38,104,-0.9069999999999998,6.877700000000007
SO3Na,C8,C8,CCCCCCCCS(=O)(=O)[O-],CS(=O)(=O)[O-],CCCCCCC,8,0,0,Na+,155.0,94.98083853591001,100.12520051199999,32,44,-0.8385999999999998,2.976700000000002
SO3Na,C10,C10,CCCCCCCCCCS(=O)(=O)[O-],CS(=O)(=O)[O-],CCCCCCCCC,10,0,0,Na+,41.0,94.98083853591001,128.15650064,32,56,-0.8385999999999998,3.7569000000000026
SO3Na,C12,C12,CCCCCCCCCCCCS(=O)(=O)[O-],CS(=O)(=O)[O-],CCCCCCCCCCC,12,0,0,Na+,11.0,94.98083853591001,156.187800768,32,68,-0.8385999999999998,4.537100000000004
SO3Na,C13,C13,CCCCCCCCCCCCCS(=O)(=O)[O-],CS(=O)(=O)[O-],CCCCCCCCCCCC,13,0,0,Na+,3.5,94.98083853591001,170.203450832,32,74,-0.8385999999999998,4.9272000000000045
SO3Na,C14,C14,CCCCCCCCCCCCCCS(=O)(=O)[O-],CS(=O)(=O)[O-],CCCCCCCCCCCCC,14,0,0,Na+,2.0,94.98083853591001,184.219100896,32,80,-0.8385999999999998,5.317300000000005
SO3Na,C15,C15,CCCCCCCCCCCCCCCS(=O)(=O)[O-],CS(=O)(=O)[O-],CCCCCCCCCCCCCC,15,0,0,Na+,0.66,94.98083853591001,198.23475095999999,32,86,-0.8385999999999998,5.707400000000006
SO3Na,C16,C16,CCCCCCCCCCCCCCCCS(=O)(=O)[O-],CS(=O)(=O)[O-],CCCCCCCCCCCCCCC,16,0,0,Na+,0.54,94.98083853591001,212.25040102399998,32,92,-0.8385999999999998,6.097500000000006
SO3Na,C17,C17,CCCCCCCCCCCCCCCCCS(=O)(=O)[O-],CS(=O)(=O)[O-],CCCCCCCCCCCCCCCC,17,0,0,Na+,0.21,94.98083853591001,226.26605108799998,32,98,-0.8385999999999998,6.487600000000007
SO3Na,C18,C18,CCCCCCCCCCCCCCCCCCS(=O)(=O)[O-],CS(=O)(=O)[O-],CCCCCCCCCCCCCCCCC,18,0,0,Na+,0.19,94.98083853591001,240.28170115199998,32,104,-0.8385999999999998,6.877700000000007
SO3Na,C6Ph,C6Ph,C1=CC=C(C=C1)CCCCCCS(=O)(=O)[O-],CS(=O)(=O)[O-],C1=CC=C(C=C1)CCCCC,6,0,1,Na+,37.0,94.98083853591001,148.125200512,32,60,-0.8385999999999998,3.4193000000000024
SO3Na,C7Ph,C7Ph,C1=CC=C(C=C1)CCCCCCCS(=O)(=O)[O-],CS(=O)(=O)[O-],C1=CC=C(C=C1)CCCCCC,7,0,1,Na+,21.0,94.98083853591001,162.140850576,32,66,-0.8385999999999998,3.809400000000003
SO3Na,C8Ph,C8Ph,C1=CC=C(C=C1)CCCCCCCCS(=O)(=O)[O-],CS(=O)(=O)[O-],C1=CC=C(C=C1)CCCCCCC,8,0,1,Na+,14.0,94.98083853591001,176.15650064,32,72,-0.8385999999999998,4.199500000000003
SO3Na,C9Ph,C9Ph,C1=CC=C(C=C1)CCCCCCCCCS(=O)(=O)[O-],CS(=O)(=O)[O-],C1=CC=C(C=C1)CCCCCCCC,9,0,1,Na+,6.5,94.98083853591001,190.172150704,32,78,-0.8385999999999998,4.589600000000004
SO3Na,C10Ph,C10Ph,C1=CC=C(C=C1)CCCCCCCCCCS(=O)(=O)[O-],CS(=O)(=O)[O-],C1=CC=C(C=C1)CCCCCCCCC,10,0,1,Na+,3.1,94.98083853591001,204.187800768,32,84,-0.8385999999999998,4.979700000000005
SO3Na,C12Ph,C12Ph,C1=CC=C(C=C1)CCCCCCCCCCCCS(=O)(=O)[O-],CS(=O)(=O)[O-],C1=CC=C(C=C1)CCCCCCCCCCC,12,0,1,Na+,1.2,94.98083853591001,232.219100896,32,96,-0.8385999999999998,5.759900000000005
SO3Na,C14Ph,C14Ph,C1=CC=C(C=C1)CCCCCCCCCCCCCCS(=O)(=O)[O-],CS(=O)(=O)[O-],C1=CC=C(C=C1)CCCCCCCCCCCCC,14,0,1,Na+,0.66,94.98083853591001,260.250401024,32,108,-0.8385999999999998,6.540100000000006
PyBr,C8Py,C8,C1=CC=[NH+]C=C1CCCCCCCC,CC1=CC=[NH+]C=C1,CCCCCCC,8,0,0,Br-,193.0,94.06512567608999,100.12520051199999,36,44,0.8091200000000001,2.976700000000002
PyBr,C10Py,C10,C1=CC=[NH+]C=C1CCCCCCCCCC,CC1=CC=[NH+]C=C1,CCCCCCCCC,10,0,0,Br-,85.0,94.06512567608999,128.15650064,36,56,0.8091200000000001,3.7569000000000026
PyBr,C11Py,C11,C1=CC=[NH+]C=C1CCCCCCCCCCC,CC1=CC=[NH+]C=C1,CCCCCCCCCC,11,0,0,Br-,42.0,94.06512567608999,142.172150704,36,62,0.8091200000000001,4.147000000000004
PyBr,C12Py,C12,C1=CC=[NH+]C=C1CCCCCCCCCCCC,CC1=CC=[NH+]C=C1,CCCCCCCCCCC,12,0,0,Br-,11.4,94.06512567608999,156.187800768,36,68,0.8091200000000001,4.537100000000004
PyBr,C14Py,C14,C1=CC=[NH+]C=C1CCCCCCCCCCCCCC,CC1=CC=[NH+]C=C1,CCCCCCCCCCCCC,14,0,0,Br-,2.9,94.06512567608999,184.219100896,36,80,0.8091200000000001,5.317300000000005
PyBr,C16Py,C16,C1=CC=[NH+]C=C1CCCCCCCCCCCCCCCC,CC1=CC=[NH+]C=C1,CCCCCCCCCCCCCCC,16,0,0,Br-,0.6,94.06512567608999,212.25040102399998,36,92,0.8091200000000001,6.097500000000006
Ethoxylates,C8E1,C8,CCCCCCCCOCCO,COCCO,CCCCCCC,8,1,0,nan,4.9,76.052429496,100.12520051199999,32,44,-0.37489999999999996,2.976700000000002
Ethoxylates,C8E3,C8,CCCCCCCCOCCOCCOCCO,COCCOCCOCCO,CCCCCCC,8,3,0,nan,7.5,164.104858992,100.12520051199999,68,44,-0.34170000000000006,2.976700000000002
Ethoxylates,C10E3,C10,CCCCCCCCCCOCCOCCOCCO,COCCOCCOCCO,CCCCCCCCC,10,3,0,nan,0.6,164.104858992,128.15650064,68,56,-0.34170000000000006,3.7569000000000026
Ethoxylates,C7E4,C7,CCCCCCCOCCOCCOCCOCCO,COCCOCCOCCOCCO,CCCCCC,7,4,0,nan,40.0,208.13107374,86.109550448,86,38,-0.32509999999999944,2.5866000000000007
Ethoxylates,C8E4,C8,CCCCCCCCOCCOCCOCCOCCO,COCCOCCOCCOCCO,CCCCCCC,8,4,0,nan,11.7,208.13107374,100.12520051199999,86,44,-0.32509999999999944,2.976700000000002
Ethoxylates,C10E4,C10,CCCCCCCCCCOCCOCCOCCOCCO,COCCOCCOCCOCCO,CCCCCCCCC,10,4,0,nan,0.68,208.13107374,128.15650064,86,56,-0.32509999999999944,3.7569000000000026
Ethoxylates,C8E5,C8,CCCCCCCCOCCOCCOCCOCCOCCO,COCCOCCOCCOCCOCCO,CCCCCCC,8,5,0,nan,11.0,252.157288488,100.12520051199999,104,44,-0.30849999999999816,2.976700000000002
Ethoxylates,C10E5,C10,CCCCCCCCCCOCCOCCOCCOCCOCCO,COCCOCCOCCOCCOCCO,CCCCCCCCC,10,5,0,nan,0.81,252.157288488,128.15650064,104,56,-0.30849999999999816,3.7569000000000026
Ethoxylates,C12E5,C12,CCCCCCCCCCCCOCCOCCOCCOCCOCCO,COCCOCCOCCOCCOCCO,CCCCCCCCCCC,12,5,0,nan,0.064,252.157288488,156.187800768,104,68,-0.30849999999999816,4.537100000000004
Ethoxylates,C8E6,C8,CCCCCCCCOCCOCCOCCOCCOCCOCCO,COCCOCCOCCOCCOCCOCCO,CCCCCCC,8,6,0,nan,9.9,296.183503236,100.12520051199999,122,44,-0.291899999999998,2.976700000000002
Ethoxylates,C10E6,C10,CCCCCCCCCCOCCOCCOCCOCCOCCOCCO,COCCOCCOCCOCCOCCOCCO,CCCCCCCCC,10,6,0,nan,0.9,296.183503236,128.15650064,122,56,-0.291899999999998,3.7569000000000026
Ethoxylates,C12E6,C12,CCCCCCCCCCCCOCCOCCOCCOCCOCCOCCO,COCCOCCOCCOCCOCCOCCO,CCCCCCCCCCC,12,6,0,nan,0.087,296.183503236,156.187800768,122,68,-0.291899999999998,4.537100000000004
Ethoxylates,C14E6,C14,CCCCCCCCCCCCCCOCCOCCOCCOCCOCCOCCO,COCCOCCOCCOCCOCCOCCO,CCCCCCCCCCCCC,14,6,0,nan,0.01,296.183503236,184.219100896,122,80,-0.291899999999998,5.317300000000005
Ethoxylates,C12E7,C12,CCCCCCCCCCCCOCCOCCOCCOCCOCCOCCOCCO,COCCOCCOCCOCCOCCOCCOCCO,CCCCCCCCCCC,12,7,0,nan,0.08,340.20971798399995,156.187800768,140,68,-0.2752999999999967,4.537100000000004
Ethoxylates,C16E7,C16,CCCCCCCCCCCCCCCCOCCOCCOCCOCCOCCOCCOCCO,COCCOCCOCCOCCOCCOCCOCCO,CCCCCCCCCCCCCCC,16,7,0,nan,0.017,340.20971798399995,212.25040102399998,140,92,-0.2752999999999967,6.097500000000006
Ethoxylates,C8E8,C8,CCCCCCCCOCCOCCOCCOCCOCCOCCOCCOCCO,COCCOCCOCCOCCOCCOCCOCCOCCO,CCCCCCC,8,8,0,nan,9.7,384.2359327319999,100.12520051199999,158,44,-0.25869999999999543,2.976700000000002
Ethoxylates,C10E8,C10,CCCCCCCCCCOCCOCCOCCOCCOCCOCCOCCOCCO,COCCOCCOCCOCCOCCOCCOCCOCCO,CCCCCCCCC,10,8,0,nan,1.0,384.2359327319999,128.15650064,158,56,-0.25869999999999543,3.7569000000000026
Ethoxylates,C11E8,C11,CCCCCCCCCCCOCCOCCOCCOCCOCCOCCOCCOCCO,COCCOCCOCCOCCOCCOCCOCCOCCO,CCCCCCCCCC,11,8,0,nan,0.3,384.2359327319999,142.172150704,158,62,-0.25869999999999543,4.147000000000004
Ethoxylates,C12E8,C12,CCCCCCCCCCCCOCCOCCOCCOCCOCCOCCOCCOCCO,COCCOCCOCCOCCOCCOCCOCCOCCO,CCCCCCCCCCC,12,8,0,nan,0.109,384.2359327319999,156.187800768,158,68,-0.25869999999999543,4.537100000000004
Ethoxylates,C13E8,C13,CCCCCCCCCCCCCOCCOCCOCCOCCOCCOCCOCCOCCO,COCCOCCOCCOCCOCCOCCOCCOCCO,CCCCCCCCCCCC,13,8,0,nan,0.027,384.2359327319999,170.203450832,158,74,-0.25869999999999543,4.9272000000000045
Ethoxylates,C14E8,C14,CCCCCCCCCCCCCCOCCOCCOCCOCCOCCOCCOCCOCCO,COCCOCCOCCOCCOCCOCCOCCOCCO,CCCCCCCCCCCCC,14,8,0,nan,0.009,384.2359327319999,184.219100896,158,80,-0.25869999999999543,5.317300000000005
Ethoxylates,C15E8,C15,CCCCCCCCCCCCCCCOCCOCCOCCOCCOCCOCCOCCOCCO,COCCOCCOCCOCCOCCOCCOCCOCCO,CCCCCCCCCCCCCC,15,8,0,nan,0.0035,384.2359327319999,198.23475095999999,158,86,-0.25869999999999543,5.707400000000006
Ethoxylates,C16E8,C16,CCCCCCCCCCCCCCCCOCCOCCOCCOCCOCCOCCOCCOCCO,COCCOCCOCCOCCOCCOCCOCCOCCO,CCCCCCCCCCCCCCC,16,8,0,nan,0.0025,384.2359327319999,212.25040102399998,158,92,-0.25869999999999543,6.097500000000006
Ethoxylates,C10E9,C10,CCCCCCCCCCOCCOCCOCCOCCOCCOCCOCCOCCOCCO,COCCOCCOCCOCCOCCOCCOCCOCCOCCO,CCCCCCCCC,10,9,0,nan,1.3,428.2621474799999,128.15650064,176,56,-0.24209999999999415,3.7569000000000026
Ethoxylates,C12E9,C12,CCCCCCCCCCCCOCCOCCOCCOCCOCCOCCOCCOCCOCCO,COCCOCCOCCOCCOCCOCCOCCOCCOCCO,CCCCCCCCCCC,12,9,0,nan,0.1,428.2621474799999,156.187800768,176,68,-0.24209999999999415,4.537100000000004
Ethoxylates,C16E9,C16,CCCCCCCCCCCCCCCCOCCOCCOCCOCCOCCOCCOCCOCCOCCO,COCCOCCOCCOCCOCCOCCOCCOCCOCCO,CCCCCCCCCCCCCCC,16,9,0,nan,0.0021,428.2621474799999,212.25040102399998,176,92,-0.24209999999999415,6.097500000000006
Ethoxylates,C12E12,C12,CCCCCCCCCCCCOCCOCCOCCOCCOCCOCCOCCOCCOCCOCCOCCOCCO,COCCOCCOCCOCCOCCOCCOCCOCCOCCOCCOCCOCCO,CCCCCCCCCCC,12,12,0,nan,0.14,560.3407917239998,156.187800768,230,68,-0.1922999999999903,4.537100000000004
Ethoxylates,C16E12,C16,CCCCCCCCCCCCCCCCOCCOCCOCCOCCOCCOCCOCCOCCOCCOCCOCCOCCO,COCCOCCOCCOCCOCCOCCOCCOCCOCCOCCOCCOCCO,CCCCCCCCCCCCCCC,16,12,0,nan,0.0023,560.3407917239998,212.25040102399998,230,92,-0.1922999999999903,6.097500000000006
Ethoxylates,C8PhE1,C8Ph,CCCCCCCCC1=CC=C(C=C1)OCCO,COCCO,C1=CC=C(C=C1)CCCCCCC,8,1,1,nan,0.0495,76.052429496,176.15650064,32,72,-0.37489999999999996,4.199500000000003
Ethoxylates,C8PhE2,C8Ph,CCCCCCCCC1=CC=C(C=C1)OCCOCCO,COCCOCCO,C1=CC=C(C=C1)CCCCCCC,8,2,1,nan,0.0765,120.078644244,176.15650064,50,72,-0.3583,4.199500000000003
Ethoxylates,C8PhE3,C8Ph,CCCCCCCCC1=CC=C(C=C1)OCCOCCOCCO,COCCOCCOCCO,C1=CC=C(C=C1)CCCCCCC,8,3,1,nan,0.103,164.104858992,176.15650064,68,72,-0.34170000000000006,4.199500000000003
Ethoxylates,C8PhE4,C8Ph,CCCCCCCCC1=CC=C(C=C1)OCCOCCOCCOCCO,COCCOCCOCCOCCO,C1=CC=C(C=C1)CCCCCCC,8,4,1,nan,0.13,208.13107374,176.15650064,86,72,-0.32509999999999944,4.199500000000003
Ethoxylates,C8PhE5,C8Ph,CCCCCCCCC1=CC=C(C=C1)OCCOCCOCCOCCOCCO,COCCOCCOCCOCCOCCO,C1=CC=C(C=C1)CCCCCCC,8,5,1,nan,0.15,252.157288488,176.15650064,104,72,-0.30849999999999816,4.199500000000003
Ethoxylates,C8PhE6,C8Ph,CCCCCCCCC1=CC=C(C=C1)OCCOCCOCCOCCOCCOCCO,COCCOCCOCCOCCOCCOCCO,C1=CC=C(C=C1)CCCCCCC,8,6,1,nan,0.21,296.183503236,176.15650064,122,72,-0.291899999999998,4.199500000000003
Ethoxylates,C8PhE7,C8Ph,CCCCCCCCC1=CC=C(C=C1)OCCOCCOCCOCCOCCOCCOCCO,COCCOCCOCCOCCOCCOCCOCCO,C1=CC=C(C=C1)CCCCCCC,8,7,1,nan,0.25,340.20971798399995,176.15650064,140,72,-0.2752999999999967,4.199500000000003
Ethoxylates,C8PhE8,C8Ph,CCCCCCCCC1=CC=C(C=C1)OCCOCCOCCOCCOCCOCCOCCOCCO,COCCOCCOCCOCCOCCOCCOCCOCCO,C1=CC=C(C=C1)CCCCCCC,8,8,1,nan,0.28,384.2359327319999,176.15650064,158,72,-0.25869999999999543,4.199500000000003
Ethoxylates,C8PhE9,C8Ph,CCCCCCCCC1=CC=C(C=C1)OCCOCCOCCOCCOCCOCCOCCOCCOCCO,COCCOCCOCCOCCOCCOCCOCCOCCOCCO,C1=CC=C(C=C1)CCCCCCC,8,9,1,nan,0.3,428.2621474799999,176.15650064,176,72,-0.24209999999999415,4.199500000000003
Ethoxylates,C9PhE9,C9Ph,CCCCCCCCCC1=CC=C(C=C1)OCCOCCOCCOCCOCCOCCOCCOCCOCCO,COCCOCCOCCOCCOCCOCCOCCOCCOCCO,C1=CC=C(C=C1)CCCCCCCC,9,9,1,nan,0.11,428.2621474799999,190.172150704,176,78,-0.24209999999999415,4.589600000000004
Ethoxylates,C9PhE15,C9Ph,CCCCCCCCCC1=CC=C(C=C1)OCCOCCOCCOCCOCCOCCOCCOCCOCCOCCOCCOCCOCCOCCOCCO,COCCOCCOCCOCCOCCOCCOCCOCCOCCOCCOCCOCCOCCOCCOCCO,C1=CC=C(C=C1)CCCCCCCC,9,15,1,nan,0.12,692.4194359679999,190.172150704,284,78,-0.1424999999999867,4.589600000000004
Ethoxylates,C9PhE20,C9Ph,CCCCCCCCCC1=CC=C(C=C1)OCCOCCOCCOCCOCCOCCOCCOCCOCCOCCOCCOCCOCCOCCOCCOCCOCCOCCOCCOCCO,COCCOCCOCCOCCOCCOCCOCCOCCOCCOCCOCCOCCOCCOCCOCCOCCOCCOCCOCCOCCO,C1=CC=C(C=C1)CCCCCCCC,9,20,1,nan,0.16,912.550509708,190.172150704,374,78,-0.059499999999998054,4.589600000000004
Carboxylic Acid,C8,C8,CCCCCCCCC(=O)[O-],CC(=O)[O-],CCCCCCC,8,0,0,Na+,360.0,59.01385291591001,100.12520051199999,24,44,-1.2438,2.976700000000002
Carboxylic Acid,C10,C10,CCCCCCCCCCC(=O)[O-],CC(=O)[O-],CCCCCCCCC,10,0,0,Na+,95.0,59.01385291591001,128.15650064,24,56,-1.2438,3.7569000000000026
Carboxylic Acid,C12,C12,CCCCCCCCCCCCC(=O)[O-],CC(=O)[O-],CCCCCCCCCCC,12,0,0,Na+,27.5,59.01385291591001,156.187800768,24,68,-1.2438,4.537100000000004
Carboxylic Acid,C14,C14,CCCCCCCCCCCCCCC(=O)[O-],CC(=O)[O-],CCCCCCCCCCCCC,14,0,0,Na+,7.2,59.01385291591001,184.219100896,24,80,-1.2438,5.317300000000005
Carboxylic Acid,C16,C16,CCCCCCCCCCCCCCCCC(=O)[O-],CC(=O)[O-],CCCCCCCCCCCCCCC,16,0,0,Na+,1.9,59.01385291591001,212.25040102399998,24,92,-1.2438,6.097500000000006
Carboxylic Acid,C18,C18,CCCCCCCCCCCCCCCCCCC(=O)[O-],CC(=O)[O-],CCCCCCCCCCCCCCCCC,18,0,0,Na+,0.5,59.01385291591001,240.28170115199998,24,104,-1.2438,6.877700000000007
NMe2NBzCl,C8,C8,CCCCCCCC[N+](C)(C)CC1=CC=C([N+](=O)[O-])C=C1,C[N+](C)(C)CC1=CC=C([N+](=O)[O-])C=C1,CCCCCCC,8,0,0,Cl-,57.0,195.11280414009,100.12520051199999,76,44,1.801,2.976700000000002
NMe2NBzCl,C10,C10,CCCCCCCCCC[N+](C)(C)CC1=CC=C([N+](=O)[O-])C=C1,C[N+](C)(C)CC1=CC=C([N+](=O)[O-])C=C1,CCCCCCCCC,10,0,0,Cl-,23.0,195.11280414009,128.15650064,76,56,1.801,3.7569000000000026
NMe2NBzCl,C12,C12,CCCCCCCCCCCC[N+](C)(C)CC1=CC=C([N+](=O)[O-])C=C1,C[N+](C)(C)CC1=CC=C([N+](=O)[O-])C=C1,CCCCCCCCCCC,12,0,0,Cl-,3.6,195.11280414009,156.187800768,76,68,1.801,4.537100000000004
NMe2NBzCl,C14,C14,CCCCCCCCCCCCCC[N+](C)(C)CC1=CC=C([N+](=O)[O-])C=C1,C[N+](C)(C)CC1=CC=C([N+](=O)[O-])C=C1,CCCCCCCCCCCCC,14,0,0,Cl-,0.51,195.11280414009,184.219100896,76,80,1.801,5.317300000000005
NMe2NBzCl,C16,C16,CCCCCCCCCCCCCCCC[N+](C)(C)CC1=CC=C([N+](=O)[O-])C=C1,C[N+](C)(C)CC1=CC=C([N+](=O)[O-])C=C1,CCCCCCCCCCCCCCC,16,0,0,Cl-,0.13,195.11280414009,212.25040102399998,76,92,1.801,6.097500000000006
NMe2NBzCl,C18,C18,CCCCCCCCCCCCCCCCCC[N+](C)(C)CC1=CC=C([N+](=O)[O-])C=C1,C[N+](C)(C)CC1=CC=C([N+](=O)[O-])C=C1,CCCCCCCCCCCCCCCCC,18,0,0,Cl-,0.029,195.11280414009,240.28170115199998,76,104,1.801,6.877700000000007
SO3H,C13,C13,CCCCCCCCCCCCCS(=O)(=O)[O-],CS(=O)(=O)[O-],CCCCCCCCCCCC,13,0,0,H+,2.6,94.98083853591001,170.203450832,32,74,-0.8385999999999998,4.9272000000000045
SO3H,C14,C14,CCCCCCCCCCCCCCS(=O)(=O)[O-],CS(=O)(=O)[O-],CCCCCCCCCCCCC,14,0,0,H+,1.32,94.98083853591001,184.219100896,32,80,-0.8385999999999998,5.317300000000005
SO3H,C15,C15,CCCCCCCCCCCCCCCS(=O)(=O)[O-],CS(=O)(=O)[O-],CCCCCCCCCCCCCC,15,0,0,H+,0.48,94.98083853591001,198.23475095999999,32,86,-0.8385999999999998,5.707400000000006
SO3H,C16,C16,CCCCCCCCCCCCCCCCS(=O)(=O)[O-],CS(=O)(=O)[O-],CCCCCCCCCCCCCCC,16,0,0,H+,0.28,94.98083853591001,212.25040102399998,32,92,-0.8385999999999998,6.097500000000006
SO3H,C17,C17,CCCCCCCCCCCCCCCCCS(=O)(=O)[O-],CS(=O)(=O)[O-],CCCCCCCCCCCCCCCC,17,0,0,H+,0.14,94.98083853591001,226.26605108799998,32,98,-0.8385999999999998,6.487600000000007
NH3Ac,C10,C10,CCCCCCCCCC[NH3+],C[NH3+],CCCCCCCCC,10,0,0,Ac-,40.0,32.04947561209,128.15650064,14,56,-1.1419000000000001,3.7569000000000026
NH3Ac,C12,C12,CCCCCCCCCCCC[NH3+],C[NH3+],CCCCCCCCCCC,12,0,0,Ac-,13.0,32.04947561209,156.187800768,14,68,-1.1419000000000001,4.537100000000004
NH3Ac,C14,C14,CCCCCCCCCCCCCC[NH3+],C[NH3+],CCCCCCCCCCCCC,14,0,0,Ac-,4.0,32.04947561209,184.219100896,14,80,-1.1419000000000001,5.317300000000005
NH3Ac,C16,C16,CCCCCCCCCCCCCCCC[NH3+],C[NH3+],CCCCCCCCCCCCCCC,16,0,0,Ac-,0.8,32.04947561209,212.25040102399998,14,92,-1.1419000000000001,6.097500000000006
NH3Ac,C18,C18,CCCCCCCCCCCCCCCCCC[NH3+],C[NH3+],CCCCCCCCCCCCCCCCC,18,0,0,Ac-,0.3,32.04947561209,240.28170115199998,14,104,-1.1419000000000001,6.877700000000007
